label	depth	is_leaf	n_leaves
root	0.000000	0	4
inner1	1.000000	0	2
A	2.000000	1	1
B	2.000000	1	1
inner2	1.000000	0	2
C	2.000000	1	1
D	2.000000	1	1
